node_id,node_type,attrs_json
reddit:post:1ngsy90,post,"{""subreddit"": ""ElectricVehicles""}"
reddit:author:orangeclaypot,author,{}
reddit:container:ElectricVehicles,container,{}
reddit:post:1h1rcge,post,"{""subreddit"": ""ElectricVehicles""}"
reddit:author:ChillerID,author,{}
reddit:container:ElectricVehicles,container,{}
domain:investing.com,domain,{}
domain:investing.com,domain,{}
domain:financialexpress.com,domain,{}
reddit:post:1gyqsgr,post,"{""subreddit"": ""ElectricVehicles""}"
reddit:author:ChillerID,author,{}
reddit:container:ElectricVehicles,container,{}
domain:gaadiwaadi.com,domain,{}
domain:gaadiwaadi.com,domain,{}
domain:gachaco.co.jp,domain,{}
domain:gachaco.co.jp,domain,{}
reddit:post:1lw9bqm,post,"{""subreddit"": ""ElectricVehicles""}"
reddit:author:Financial-Payment764,author,{}
reddit:container:ElectricVehicles,container,{}
reddit:post:1jjcdy9,post,"{""subreddit"": ""ElectricVehicles""}"
reddit:author:Traditional_Power830,author,{}
reddit:container:ElectricVehicles,container,{}
reddit:post:1mmolag,post,"{""subreddit"": ""ElectricVehicles""}"
reddit:author:astrofuzzics,author,{}
reddit:container:ElectricVehicles,container,{}
reddit:post:1m5k814,post,"{""subreddit"": ""ElectricVehicles""}"
reddit:author:Quint87,author,{}
reddit:container:ElectricVehicles,container,{}
domain:redd.it,domain,{}
reddit:post:1lwlccc,post,"{""subreddit"": ""ElectricVehicles""}"
reddit:author:ejmcguir,author,{}
reddit:container:ElectricVehicles,container,{}
reddit:post:1kxu7oq,post,"{""subreddit"": ""ElectricVehicles""}"
reddit:author:chilidoggo,author,{}
reddit:container:ElectricVehicles,container,{}
domain:energy.gov,domain,{}
domain:chooseev.com,domain,{}
domain:chargevc.org,domain,{}
domain:reddit.com,domain,{}
domain:irs.gov,domain,{}
domain:geotab.com,domain,{}
reddit:post:1ktff15,post,"{""subreddit"": ""ElectricVehicles""}"
reddit:author:One-Demand6811,author,{}
reddit:container:ElectricVehicles,container,{}
domain:bicycling.com,domain,{}
domain:sustainable-bus.com,domain,{}
domain:youtu.be,domain,{}
domain:wikipedia.org,domain,{}
domain:wikipedia.org,domain,{}
reddit:post:1k5swtw,post,"{""subreddit"": ""ElectricVehicles""}"
reddit:author:Ok-Limit-9726,author,{}
reddit:container:ElectricVehicles,container,{}
reddit:post:1icxk5s,post,"{""subreddit"": ""ElectricVehicles""}"
reddit:author:familyZW,author,{}
reddit:container:ElectricVehicles,container,{}
reddit:post:1i8rf7e,post,"{""subreddit"": ""ElectricVehicles""}"
reddit:author:Interesting_Ninja779,author,{}
reddit:container:ElectricVehicles,container,{}
reddit:post:1hp1ns2,post,"{""subreddit"": ""ElectricVehicles""}"
reddit:author:Giveaway_Guy,author,{}
reddit:container:ElectricVehicles,container,{}
reddit:post:1nvl66z,post,"{""subreddit"": ""ElectricVehicles""}"
reddit:author:-ThatGingerKid-,author,{}
reddit:container:ElectricVehicles,container,{}
reddit:post:1nv4xg2,post,"{""subreddit"": ""ElectricVehicles""}"
reddit:author:her_o-mione,author,{}
reddit:container:ElectricVehicles,container,{}
reddit:post:1nuffn3,post,"{""subreddit"": ""ElectricVehicles""}"
reddit:author:PragmaticProkopton,author,{}
reddit:container:ElectricVehicles,container,{}
reddit:post:1nubonp,post,"{""subreddit"": ""ElectricVehicles""}"
reddit:author:Aggravating_Mode_363,author,{}
reddit:container:ElectricVehicles,container,{}
reddit:post:1ntvmbb,post,"{""subreddit"": ""ElectricVehicles""}"
reddit:author:IanTrader,author,{}
reddit:container:ElectricVehicles,container,{}
reddit:post:1ntqcyi,post,"{""subreddit"": ""ElectricVehicles""}"
reddit:author:justanotherelvis15,author,{}
reddit:container:ElectricVehicles,container,{}
reddit:post:1ntmq98,post,"{""subreddit"": ""ElectricVehicles""}"
reddit:author:blr1g,author,{}
reddit:container:ElectricVehicles,container,{}
reddit:post:1ntd7gf,post,"{""subreddit"": ""ElectricVehicles""}"
reddit:author:lumpiang-shanghai01,author,{}
reddit:container:ElectricVehicles,container,{}
reddit:post:1nsncbh,post,"{""subreddit"": ""ElectricVehicles""}"
reddit:author:user10515,author,{}
reddit:container:ElectricVehicles,container,{}
reddit:post:1ns6k3i,post,"{""subreddit"": ""ElectricVehicles""}"
reddit:author:dogwithasword,author,{}
reddit:container:ElectricVehicles,container,{}
reddit:post:1nrai73,post,"{""subreddit"": ""ElectricVehicles""}"
reddit:author:Naive-Abrocoma-8455,author,{}
reddit:container:ElectricVehicles,container,{}
reddit:post:1npyp7y,post,"{""subreddit"": ""ElectricVehicles""}"
reddit:author:Relative-Good-6886,author,{}
reddit:container:ElectricVehicles,container,{}
reddit:post:1npufhi,post,"{""subreddit"": ""ElectricVehicles""}"
reddit:author:Visionary785,author,{}
reddit:container:ElectricVehicles,container,{}
reddit:post:1nprjhm,post,"{""subreddit"": ""ElectricVehicles""}"
reddit:author:rennan,author,{}
reddit:container:ElectricVehicles,container,{}
reddit:post:1nor9la,post,"{""subreddit"": ""ElectricVehicles""}"
reddit:author:exmothrowaway994,author,{}
reddit:container:ElectricVehicles,container,{}
reddit:author:VralGrymfang,author,{}
reddit:comment:nh5y4le,comment,{}
reddit:author:QAWSEDRFTYHUJIKOLP,author,{}
reddit:comment:nh60o7u,comment,{}
reddit:author:Sagrilarus,author,{}
reddit:comment:nh7aqiq,comment,{}
reddit:author:huuaaang,author,{}
reddit:comment:nh7xaex,comment,{}
reddit:author:NotCook59,author,{}
reddit:comment:nh9wgez,comment,{}
reddit:author:Emergency-Drawer-535,author,{}
reddit:comment:nh5ypsk,comment,{}
reddit:author:her_o-mione,author,{}
reddit:comment:nh6do3v,comment,{}
reddit:author:her_o-mione,author,{}
reddit:comment:nh6dpef,comment,{}
reddit:author:her_o-mione,author,{}
reddit:comment:nh6did8,comment,{}
reddit:author:Emergency-Drawer-535,author,{}
reddit:comment:nh5ywfn,comment,{}
reddit:author:Sagrilarus,author,{}
reddit:comment:nh7bado,comment,{}
reddit:author:SmokeySFW,author,{}
reddit:comment:nh7gcds,comment,{}
reddit:author:wwwhatisgoingon,author,{}
reddit:comment:nh70f1n,comment,{}
reddit:author:Emergency-Drawer-535,author,{}
reddit:comment:nh6fosz,comment,{}
reddit:author:InertiaImpact,author,{}
reddit:comment:nhaz3u2,comment,{}
reddit:author:rdyoung,author,{}
reddit:comment:nh5zeao,comment,{}
reddit:author:Sagrilarus,author,{}
reddit:comment:nh7bt4a,comment,{}
reddit:author:her_o-mione,author,{}
reddit:comment:nh7az11,comment,{}
reddit:author:PublicWolf7234,author,{}
reddit:comment:nh79gsy,comment,{}
reddit:author:Emergency-Drawer-535,author,{}
reddit:comment:nh6347w,comment,{}
reddit:author:Emergency-Drawer-535,author,{}
reddit:comment:nh63gd0,comment,{}
reddit:author:NotCook59,author,{}
reddit:comment:nh9v7h5,comment,{}
reddit:author:Emergency-Drawer-535,author,{}
reddit:comment:nhb4zcn,comment,{}
reddit:author:rdyoung,author,{}
reddit:comment:nh68ggp,comment,{}
reddit:author:Emergency-Drawer-535,author,{}
reddit:comment:nh695fz,comment,{}
reddit:author:rdyoung,author,{}
reddit:comment:nh6dzrl,comment,{}
reddit:author:Emergency-Drawer-535,author,{}
reddit:comment:nh6ev49,comment,{}
reddit:author:rdyoung,author,{}
reddit:comment:nh6k9yc,comment,{}
reddit:author:Emergency-Drawer-535,author,{}
reddit:comment:nhbc7f4,comment,{}
reddit:author:SnakeJG,author,{}
reddit:comment:ngwtalz,comment,{}
reddit:author:andibangr,author,{}
reddit:comment:ngwraau,comment,{}
reddit:author:Organic_Mix7180,author,{}
reddit:comment:ngwqjax,comment,{}
reddit:author:RespectSquare8279,author,{}
reddit:comment:ngwr9qh,comment,{}
reddit:author:dlewis23,author,{}
reddit:comment:ngx685f,comment,{}
reddit:author:appape,author,{}
reddit:comment:ngwuvg5,comment,{}
reddit:author:Virtual-Hotel8156,author,{}
reddit:comment:ngx6ysf,comment,{}
reddit:author:GraniteGeekNH,author,{}
reddit:comment:ngwtztk,comment,{}
reddit:author:Dreaming_Blackbirds,author,{}
reddit:comment:ngxoc0n,comment,{}
reddit:author:gotohellwithsuperman,author,{}
reddit:comment:ngwrrdh,comment,{}
reddit:author:capabus,author,{}
reddit:comment:ngwo3zs,comment,{}
reddit:author:terran1212,author,{}
reddit:comment:ngwukt3,comment,{}
reddit:author:huuaaang,author,{}
reddit:comment:ngx3ekd,comment,{}
reddit:author:Suitable_Switch5242,author,{}
reddit:comment:ngx54pv,comment,{}
reddit:author:iqisoverrated,author,{}
reddit:comment:ngx72nj,comment,{}
reddit:author:dinkygoat,author,{}
reddit:comment:ngxa8y5,comment,{}
reddit:author:dirty_cuban,author,{}
reddit:comment:ngxhgsm,comment,{}
reddit:author:xangkory,author,{}
reddit:comment:ngxm4tf,comment,{}
reddit:author:Brandon3541,author,{}
reddit:comment:ngxn10p,comment,{}
reddit:author:Polymox,author,{}
reddit:comment:ngxw51g,comment,{}
reddit:author:DontEatConcrete,author,{}
reddit:comment:ngy06gz,comment,{}
reddit:author:shaggy99,author,{}
reddit:comment:nh042xu,comment,{}
reddit:author:woyteck,author,{}
reddit:comment:nh5iydq,comment,{}
reddit:author:Lopsided_Quarter_931,author,{}
reddit:comment:ngx0l59,comment,{}
reddit:author:maartrack,author,{}
reddit:comment:ngxjcda,comment,{}
reddit:author:hippfive,author,{}
reddit:comment:ngwwo0q,comment,{}
reddit:author:tuctrohs,author,{}
reddit:comment:ngx5itv,comment,{}
reddit:author:IanTrader,author,{}
reddit:comment:ngx2u1f,comment,{}
reddit:author:IanTrader,author,{}
reddit:comment:ngx770v,comment,{}
reddit:author:tuctrohs,author,{}
reddit:comment:ngx6nrw,comment,{}
reddit:author:tuctrohs,author,{}
reddit:comment:ngx63p9,comment,{}
reddit:author:capabus,author,{}
reddit:comment:ngwoa56,comment,{}
reddit:author:pimpbot666,author,{}
reddit:comment:ngx162m,comment,{}
reddit:author:IanTrader,author,{}
reddit:comment:ngx8e5m,comment,{}
reddit:author:maxyedor,author,{}
reddit:comment:ngxj9fh,comment,{}
reddit:author:IanTrader,author,{}
reddit:comment:ngxxdny,comment,{}
reddit:author:StartledPelican,author,{}
reddit:comment:nh0i3w6,comment,{}
reddit:author:IanTrader,author,{}
reddit:comment:ngx3iaz,comment,{}
reddit:author:IanTrader,author,{}
reddit:comment:ngx2hcy,comment,{}
reddit:author:ace184184,author,{}
reddit:comment:ngx3q7i,comment,{}
reddit:author:Suitable_Switch5242,author,{}
reddit:comment:ngx5sbr,comment,{}
reddit:author:Organic_Mix7180,author,{}
reddit:comment:ngxnkio,comment,{}
reddit:author:dlewis23,author,{}
reddit:comment:ngxa5f5,comment,{}
reddit:author:capabus,author,{}
reddit:comment:ngxjr4p,comment,{}
reddit:author:sarhoshamiral,author,{}
reddit:comment:ngxkb68,comment,{}
reddit:author:appape,author,{}
reddit:comment:nh3fvet,comment,{}
reddit:author:gotohellwithsuperman,author,{}
reddit:comment:ngx84vd,comment,{}
reddit:author:IanTrader,author,{}
reddit:comment:ngwplhg,comment,{}
reddit:author:dirty_cuban,author,{}
reddit:comment:ngxmgxp,comment,{}
reddit:author:Lopsided_Quarter_931,author,{}
reddit:comment:nh0ku2e,comment,{}
reddit:author:sprezzaturans,author,{}
reddit:comment:ngx75iy,comment,{}
reddit:author:ace184184,author,{}
reddit:comment:ngx3gt6,comment,{}
reddit:author:Suitable_Switch5242,author,{}
reddit:comment:ngx5ncy,comment,{}
reddit:author:FencyMcFenceFace,author,{}
reddit:comment:ngx83qz,comment,{}
reddit:author:theotherharper,author,{}
reddit:comment:ngxqcrs,comment,{}
reddit:author:IanTrader,author,{}
reddit:comment:ngx4k7g,comment,{}
reddit:author:tuctrohs,author,{}
reddit:comment:nh3nxlh,comment,{}
reddit:author:tuctrohs,author,{}
reddit:comment:ngxdhkq,comment,{}
reddit:author:pimpbot666,author,{}
reddit:comment:ngx0u29,comment,{}
reddit:author:StartledPelican,author,{}
reddit:comment:nh0mbka,comment,{}
reddit:author:IanTrader,author,{}
reddit:comment:ngx84yh,comment,{}
reddit:author:IanTrader,author,{}
reddit:comment:ngx8mog,comment,{}
reddit:author:IanTrader,author,{}
reddit:comment:ngxuugc,comment,{}
reddit:author:ace184184,author,{}
reddit:comment:ngx7k33,comment,{}
reddit:author:IanTrader,author,{}
reddit:comment:ngx22uq,comment,{}
reddit:author:Lopsided_Quarter_931,author,{}
reddit:comment:nh0v2bx,comment,{}
reddit:author:FencyMcFenceFace,author,{}
reddit:comment:ngx9851,comment,{}
reddit:author:Suitable_Switch5242,author,{}
reddit:comment:ngx9n8z,comment,{}
reddit:author:Suitable_Switch5242,author,{}
reddit:comment:nh6n7dd,comment,{}
reddit:author:pimpbot666,author,{}
reddit:comment:ngx53hx,comment,{}
reddit:author:IanTrader,author,{}
reddit:comment:ngx7t9w,comment,{}
reddit:author:pimpbot666,author,{}
reddit:comment:ngyk446,comment,{}
reddit:author:IanTrader,author,{}
reddit:comment:ngylwin,comment,{}
reddit:author:Acshulyak,author,{}
reddit:comment:ngvklne,comment,{}
reddit:author:sctbke,author,{}
reddit:comment:ngvl8mf,comment,{}
reddit:author:tech57,author,{}
reddit:comment:ngvljhb,comment,{}
reddit:author:Deep-Surprise4854,author,{}
reddit:comment:ngvl6kg,comment,{}
reddit:author:TowElectric,author,{}
reddit:comment:ngvkf39,comment,{}
reddit:author:adrop62,author,{}
reddit:comment:ngw3qor,comment,{}
reddit:author:DahlbergT,author,{}
reddit:comment:ngvn251,comment,{}
reddit:author:RaveDamsel,author,{}
reddit:comment:ngvjfsf,comment,{}
reddit:author:Alexandratta,author,{}
reddit:comment:ngvkoce,comment,{}
reddit:author:AZ_Genestealer,author,{}
reddit:comment:ngvn2vo,comment,{}
reddit:author:klasredux,author,{}
reddit:comment:ngvy6gb,comment,{}
reddit:author:DamnUOnions,author,{}
reddit:comment:ngygj8u,comment,{}
reddit:author:udrius,author,{}
reddit:comment:ngvk010,comment,{}
reddit:author:SharkBaitDLS,author,{}
reddit:comment:ngvmf8l,comment,{}
reddit:author:timelessblur,author,{}
reddit:comment:ngvpkv5,comment,{}
reddit:author:PedalingHertz,author,{}
reddit:comment:ngvsev3,comment,{}
reddit:author:Scorpy_Mjolnir,author,{}
reddit:comment:ngw4ik9,comment,{}
reddit:author:Peds12,author,{}
reddit:comment:ngx2m37,comment,{}
reddit:author:p0rkmaster,author,{}
reddit:comment:nh0vq4y,comment,{}
reddit:author:Ornery_Climate1056,author,{}
reddit:comment:nh4dgm8,comment,{}
reddit:author:NationCrisis,author,{}
reddit:comment:ngvnr39,comment,{}
reddit:author:Riversntallbuildings,author,{}
reddit:comment:ngvppg5,comment,{}
reddit:author:t0mt0mt0m,author,{}
reddit:comment:ngvsyiu,comment,{}
reddit:author:Jackpot777,author,{}
reddit:comment:ngvv0op,comment,{}
reddit:author:TrollCannon377,author,{}
reddit:comment:ngvyecd,comment,{}
reddit:author:CMG30,author,{}
reddit:comment:ngw1y4g,comment,{}
reddit:author:jkh911208,author,{}
reddit:comment:ngw1zki,comment,{}
reddit:author:Ok_Push2550,author,{}
reddit:comment:ngw2uod,comment,{}
reddit:author:shivaswrath,author,{}
reddit:comment:ngw6w6y,comment,{}
reddit:author:Ranchreddit,author,{}
reddit:comment:ngwkctd,comment,{}
reddit:author:rosier9,author,{}
reddit:comment:ngwn3em,comment,{}
reddit:author:silverelan,author,{}
reddit:comment:ngwr2mr,comment,{}
reddit:author:Queasy-Bed545,author,{}
reddit:comment:ngwutq0,comment,{}
reddit:author:kimguroo,author,{}
reddit:comment:ngwux79,comment,{}
reddit:author:msmug,author,{}
reddit:comment:ngy40xc,comment,{}
reddit:author:bobjr94,author,{}
reddit:comment:ngykm5o,comment,{}
reddit:author:notanelonfan2024,author,{}
reddit:comment:nhb4hib,comment,{}
reddit:author:Some_Vermicelli80,author,{}
reddit:comment:ngvkz1q,comment,{}
reddit:author:Owlcatraz,author,{}
reddit:comment:ngvo9wm,comment,{}
reddit:author:LWBoogie,author,{}
reddit:comment:ngw3nox,comment,{}
reddit:author:kyledag500,author,{}
reddit:comment:ngvrss0,comment,{}
reddit:author:OriginalCrawnick,author,{}
reddit:comment:ngvmjtf,comment,{}
reddit:author:Why-am-I-here-anyway,author,{}
reddit:comment:ngw4q8a,comment,{}
reddit:author:blr1g,author,{}
reddit:comment:ngvw23e,comment,{}
reddit:author:justanotherelvis15,author,{}
reddit:comment:ngvpafz,comment,{}
reddit:author:Suitable_Switch5242,author,{}
reddit:comment:ngwha1s,comment,{}
reddit:author:blr1g,author,{}
reddit:comment:ngvw3av,comment,{}
reddit:author:SharkBaitDLS,author,{}
reddit:comment:ngvo0l6,comment,{}
reddit:author:blr1g,author,{}
reddit:comment:ngvw59p,comment,{}
reddit:author:muegle,author,{}
reddit:comment:ngwkzt3,comment,{}
reddit:author:bobjr94,author,{}
reddit:comment:ngyl2il,comment,{}
reddit:author:Space2999,author,{}
reddit:comment:ngvx3ss,comment,{}
reddit:author:justanotherelvis15,author,{}
reddit:comment:ngvorvy,comment,{}
reddit:author:FriendlyPoem3074,author,{}
reddit:comment:ngvwen8,comment,{}
reddit:author:ComeBackSquid,author,{}
reddit:comment:ngvoasd,comment,{}
reddit:author:the1truestripes,author,{}
reddit:comment:nh1wrfj,comment,{}
reddit:author:djjayp,author,{}
reddit:comment:ngwf9cj,comment,{}
reddit:author:TheRealRacketear,author,{}
reddit:comment:ngy9qg0,comment,{}
reddit:author:User-no-relation,author,{}
reddit:comment:ngvo7ua,comment,{}
reddit:author:THedman07,author,{}
reddit:comment:ngvl2bo,comment,{}
reddit:author:PatSajaksDick,author,{}
reddit:comment:ngvn7il,comment,{}
reddit:author:scorzon,author,{}
reddit:comment:ngvkgoq,comment,{}
reddit:author:LostPrimer,author,{}
reddit:comment:ngvlg4n,comment,{}
reddit:author:SharkBaitDLS,author,{}
reddit:comment:ngvmh5m,comment,{}
reddit:author:elcheapodeluxe,author,{}
reddit:comment:ngvoe63,comment,{}
reddit:author:CapitanianExtinction,author,{}
reddit:comment:ngvmfgq,comment,{}
reddit:author:NationCrisis,author,{}
reddit:comment:ngvouie,comment,{}
reddit:author:WeldAE,author,{}
reddit:comment:ngvxaxm,comment,{}
reddit:author:justanotherelvis15,author,{}
reddit:comment:ngvlosb,comment,{}
reddit:author:rosier9,author,{}
reddit:comment:ngwo2vn,comment,{}
reddit:author:GoSh4rks,author,{}
reddit:comment:ngws1ou,comment,{}
reddit:author:WeldAE,author,{}
reddit:comment:ngvvbec,comment,{}
reddit:author:theotherharper,author,{}
reddit:comment:ngxsvnh,comment,{}
reddit:author:psaux_grep,author,{}
reddit:comment:ngw2i10,comment,{}
reddit:author:dcdttu,author,{}
reddit:comment:ngwlz9k,comment,{}
reddit:author:bobsil1,author,{}
reddit:comment:ngwdv4n,comment,{}
reddit:author:thePolicy0fTruth,author,{}
reddit:comment:ngvsloh,comment,{}
reddit:author:TurtleCrusher,author,{}
reddit:comment:ngvy8z7,comment,{}
reddit:author:Logitech4873,author,{}
reddit:comment:ngymqku,comment,{}
reddit:author:WeldAE,author,{}
reddit:comment:ngvvkh1,comment,{}
reddit:author:sctbke,author,{}
reddit:comment:ngvz3t5,comment,{}
reddit:author:madkevin,author,{}
reddit:comment:ngwae3o,comment,{}
reddit:author:sctbke,author,{}
reddit:comment:ngvykn3,comment,{}
reddit:author:Ancient_Persimmon,author,{}
reddit:comment:ngvq8eh,comment,{}
reddit:author:No_Context7340,author,{}
reddit:comment:ngw4dv9,comment,{}
reddit:author:andibangr,author,{}
reddit:comment:ngvu9w5,comment,{}
reddit:author:praemialaudi,author,{}
reddit:comment:ngvu1r8,comment,{}
reddit:author:FriendlyPoem3074,author,{}
reddit:comment:ngvurfd,comment,{}
reddit:author:WeldAE,author,{}
reddit:comment:ngvw441,comment,{}
reddit:author:TowElectric,author,{}
reddit:comment:ngvuidq,comment,{}
reddit:author:Suitable_Switch5242,author,{}
reddit:comment:ngwhxfy,comment,{}
reddit:author:Logitech4873,author,{}
reddit:comment:ngyn3lk,comment,{}
reddit:author:RaveDamsel,author,{}
reddit:comment:ngvklkk,comment,{}
reddit:author:Super_Fightin_Robit,author,{}
reddit:comment:nh07c6x,comment,{}
reddit:author:akumajfr,author,{}
reddit:comment:ngvueqh,comment,{}
reddit:author:Riversntallbuildings,author,{}
reddit:comment:ngw5tdy,comment,{}
reddit:author:gerkletoss,author,{}
reddit:comment:ngvop1y,comment,{}
reddit:author:Patient-Ad-7939,author,{}
reddit:comment:ngw7536,comment,{}
reddit:author:cpatkyanks24,author,{}
reddit:comment:ngw0mid,comment,{}
reddit:author:Leasir,author,{}
reddit:comment:ngzpcnr,comment,{}
reddit:author:Oh_You_Were_Serious,author,{}
reddit:comment:ngzrp8l,comment,{}
reddit:author:ThrowRAColdManWinter,author,{}
reddit:comment:ngwr3um,comment,{}
reddit:author:WeldAE,author,{}
reddit:comment:ngvvvwa,comment,{}
reddit:author:the1truestripes,author,{}
reddit:comment:ngzv5tn,comment,{}
reddit:author:blr1g,author,{}
reddit:comment:ngw3g5r,comment,{}
reddit:author:SharkBaitDLS,author,{}
reddit:comment:ngyn3er,comment,{}
reddit:author:SharkBaitDLS,author,{}
reddit:comment:ngw0kqf,comment,{}
reddit:author:TurtleCrusher,author,{}
reddit:comment:ngvxwcz,comment,{}
reddit:author:FriendlyPoem3074,author,{}
reddit:comment:ngw89ce,comment,{}
reddit:author:Low-Albatross-313,author,{}
reddit:comment:ngvohlz,comment,{}
reddit:author:do-un-to,author,{}
reddit:comment:ngvqtvy,comment,{}
reddit:author:PatSajaksDick,author,{}
reddit:comment:ngvuw9r,comment,{}
reddit:author:thegiantgummybear,author,{}
reddit:comment:ngwkn7f,comment,{}
reddit:author:Time-Maintenance2165,author,{}
reddit:comment:nh2dvhl,comment,{}
reddit:author:WeldAE,author,{}
reddit:comment:nh2wktp,comment,{}
reddit:author:stupidly_intelligent,author,{}
reddit:comment:ngw3h9b,comment,{}
reddit:author:WeldAE,author,{}
reddit:comment:ngw4k32,comment,{}
reddit:author:2Drew2BTrue,author,{}
reddit:comment:ngxi6z1,comment,{}
reddit:author:nycplayboy78,author,{}
reddit:comment:ngzsfvy,comment,{}
reddit:author:Tolken,author,{}
reddit:comment:nh1dt3a,comment,{}
reddit:author:WeldAE,author,{}
reddit:comment:nh0rd8z,comment,{}
reddit:author:theotherharper,author,{}
reddit:comment:ngxtlrn,comment,{}
reddit:author:Aurori_Swe,author,{}
reddit:comment:ngvxoad,comment,{}
reddit:author:sctbke,author,{}
reddit:comment:ngvy6k4,comment,{}
reddit:author:thePolicy0fTruth,author,{}
reddit:comment:ngvw4jb,comment,{}
reddit:author:Scorpy_Mjolnir,author,{}
reddit:comment:ngwafmt,comment,{}
reddit:author:thePolicy0fTruth,author,{}
reddit:comment:ngzx13i,comment,{}
reddit:author:Logitech4873,author,{}
reddit:comment:ngyocd0,comment,{}
reddit:author:WeldAE,author,{}
reddit:comment:ngw4pw7,comment,{}
reddit:author:SharkBaitDLS,author,{}
reddit:comment:ngw0vrg,comment,{}
reddit:author:WeldAE,author,{}
reddit:comment:ngvytfb,comment,{}
reddit:author:humblequest22,author,{}
reddit:comment:ngvtgzl,comment,{}
reddit:author:akumajfr,author,{}
reddit:comment:ngw0x0w,comment,{}
reddit:author:Patient-Ad-7939,author,{}
reddit:comment:nh2oupp,comment,{}
reddit:author:SharkBaitDLS,author,{}
reddit:comment:ngw6uoz,comment,{}
reddit:author:doluckie,author,{}
reddit:comment:ngx06e5,comment,{}
reddit:author:GenesisNemesis17,author,{}
reddit:comment:ngxno6u,comment,{}
reddit:author:cpatkyanks24,author,{}
reddit:comment:ngxxpib,comment,{}
reddit:author:goranlepuz,author,{}
reddit:comment:ngymtby,comment,{}
reddit:author:Leasir,author,{}
reddit:comment:nh0t2mx,comment,{}
reddit:author:WeldAE,author,{}
reddit:comment:ngvzaii,comment,{}
reddit:author:WeldAE,author,{}
reddit:comment:nh1k49t,comment,{}
reddit:author:the1truestripes,author,{}
reddit:comment:nh0e7dq,comment,{}
reddit:author:SharkBaitDLS,author,{}
reddit:comment:ngyowta,comment,{}
reddit:author:SharkBaitDLS,author,{}
reddit:comment:ngw5iwc,comment,{}
reddit:author:FrostyMasterpiece400,author,{}
reddit:comment:ngwcisn,comment,{}
reddit:author:SharkBaitDLS,author,{}
reddit:comment:ngw3vx2,comment,{}
reddit:author:Scorpy_Mjolnir,author,{}
reddit:comment:ngw9yv0,comment,{}
reddit:author:Time-Maintenance2165,author,{}
reddit:comment:nh2qw2h,comment,{}
reddit:author:GenesisNemesis17,author,{}
reddit:comment:ngxncux,comment,{}
reddit:author:WeldAE,author,{}
reddit:comment:nh0pcy3,comment,{}
reddit:author:WeldAE,author,{}
reddit:comment:nh0r5e4,comment,{}
reddit:author:2Drew2BTrue,author,{}
reddit:comment:ngzerpl,comment,{}
reddit:author:Leasir,author,{}
reddit:comment:ngzq76o,comment,{}
reddit:author:Aurori_Swe,author,{}
reddit:comment:ngw1u7n,comment,{}
reddit:author:Scorpy_Mjolnir,author,{}
reddit:comment:nh1ln61,comment,{}
reddit:author:Logitech4873,author,{}
reddit:comment:ngyplos,comment,{}
reddit:author:the1truestripes,author,{}
reddit:comment:nh19vu9,comment,{}
reddit:author:WeldAE,author,{}
reddit:comment:ngw7y20,comment,{}
reddit:author:SharkBaitDLS,author,{}
reddit:comment:ngwd5ub,comment,{}
reddit:author:WeldAE,author,{}
reddit:comment:ngw5kep,comment,{}
reddit:author:goranlepuz,author,{}
reddit:comment:ngylq5u,comment,{}
reddit:author:SharkBaitDLS,author,{}
reddit:comment:ngyha3n,comment,{}
reddit:author:GenesisNemesis17,author,{}
reddit:comment:nh0wtow,comment,{}
reddit:author:Tolken,author,{}
reddit:comment:nh1gia2,comment,{}
reddit:author:goranlepuz,author,{}
reddit:comment:nh271y1,comment,{}
reddit:author:goranlepuz,author,{}
reddit:comment:nh0qrzp,comment,{}
reddit:author:WeldAE,author,{}
reddit:comment:ngw3e99,comment,{}
reddit:author:the1truestripes,author,{}
reddit:comment:nh18otr,comment,{}
reddit:author:WeldAE,author,{}
reddit:comment:nh2y0wn,comment,{}
reddit:author:SharkBaitDLS,author,{}
reddit:comment:ngyqne4,comment,{}
reddit:author:SharkBaitDLS,author,{}
reddit:comment:ngw8zd9,comment,{}
reddit:author:Scorpy_Mjolnir,author,{}
reddit:comment:ngw9oms,comment,{}
reddit:author:SharkBaitDLS,author,{}
reddit:comment:ngw68vp,comment,{}
reddit:author:PM_MeYourCash,author,{}
reddit:comment:ngx50hk,comment,{}
reddit:author:2Drew2BTrue,author,{}
reddit:comment:ngxkr5o,comment,{}
reddit:author:WeldAE,author,{}
reddit:comment:nh0q3c7,comment,{}
reddit:author:RedundancyDoneWell,author,{}
reddit:comment:nh1g6yh,comment,{}
reddit:author:GenesisNemesis17,author,{}
reddit:comment:ngzva16,comment,{}
reddit:author:WeldAE,author,{}
reddit:comment:nh2yq7t,comment,{}
reddit:author:2Drew2BTrue,author,{}
reddit:comment:nh3zby2,comment,{}
reddit:author:Aurori_Swe,author,{}
reddit:comment:nh2kw2m,comment,{}
reddit:author:Scorpy_Mjolnir,author,{}
reddit:comment:nh8ntgg,comment,{}
reddit:author:the1truestripes,author,{}
reddit:comment:nh1j0bk,comment,{}
reddit:author:WeldAE,author,{}
reddit:comment:nh1ijnh,comment,{}
reddit:author:WeldAE,author,{}
reddit:comment:nh1a912,comment,{}
reddit:author:WeldAE,author,{}
reddit:comment:nh0q9h2,comment,{}
reddit:author:goranlepuz,author,{}
reddit:comment:nh4proq,comment,{}
reddit:author:the1truestripes,author,{}
reddit:comment:nh30pj6,comment,{}
reddit:author:2Drew2BTrue,author,{}
reddit:comment:nh3x6w5,comment,{}
