author_id,total_authored,total_weight,posts_count,comments_count,engagement_ratio
reddit:author:Hot_Zucchini7405,53,53.0,0,53,53.0
reddit:author:Dionysian-Heretic,31,31.0,1,30,30.0
reddit:author:Electrik_Truk,21,21.0,0,21,21.0
reddit:author:spinfire,19,19.0,0,19,19.0
reddit:author:IanTrader,15,15.0,1,14,14.0
reddit:author:tech57,10,10.0,6,4,0.6666666666666666
reddit:author:NotYetReadyToRetire,10,10.0,0,10,10.0
reddit:author:StartledPelican,9,9.0,0,9,9.0
reddit:author:ZobeidZuma,9,9.0,0,9,9.0
reddit:author:SjalabaisWoWS,9,9.0,1,8,8.0
reddit:author:farrrtttttrrrrrrrrtr,9,9.0,0,9,9.0
reddit:author:LooseyGreyDucky,9,9.0,0,9,9.0
reddit:author:Suitable_Switch5242,8,8.0,0,8,8.0
reddit:author:tuctrohs,8,8.0,0,8,8.0
reddit:author:in_allium,7,7.0,1,6,6.0
reddit:author:TooGoodToBeeTrue,7,7.0,0,7,7.0
reddit:author:RabbitHots504,7,7.0,0,7,7.0
reddit:author:Tendies_From_Wendys,7,7.0,0,7,7.0
reddit:author:OXMWEPW,6,6.0,6,0,0.0
reddit:author:SheSends,6,6.0,0,6,6.0
reddit:author:Economist_hat,6,6.0,0,6,6.0
reddit:author:elconquistador1985,6,6.0,0,6,6.0
reddit:author:mcot2222,6,6.0,0,6,6.0
reddit:author:Alexandratta,6,6.0,0,6,6.0
reddit:author:AbjectFray,6,6.0,0,6,6.0
reddit:author:dinkygoat,6,6.0,0,6,6.0
reddit:author:Helpful_Let_5265,6,6.0,0,6,6.0
reddit:author:UniqueSteve,5,5.0,0,5,5.0
reddit:author:Dirks_Knee,5,5.0,0,5,5.0
reddit:author:themrgq,5,5.0,0,5,5.0
reddit:author:Dreaming_Blackbirds,5,5.0,0,5,5.0
reddit:author:ArterialVotives,5,5.0,0,5,5.0
reddit:author:rosier9,5,5.0,0,5,5.0
reddit:author:Volvowner44,5,5.0,0,5,5.0
reddit:author:Over_Pop_8378,5,5.0,0,5,5.0
reddit:author:MrPhrazz,5,5.0,0,5,5.0
reddit:author:KennyBSAT,5,5.0,0,5,5.0
reddit:author:liquefry,5,5.0,1,4,4.0
reddit:author:gorkt,4,4.0,0,4,4.0
reddit:author:silverelan,4,4.0,0,4,4.0
reddit:author:pokemonplayer2001,4,4.0,0,4,4.0
reddit:author:pimpbot666,4,4.0,0,4,4.0
reddit:author:paulHarkonen,4,4.0,0,4,4.0
reddit:author:Next362,4,4.0,0,4,4.0
reddit:author:MossHops,4,4.0,0,4,4.0
reddit:author:lamemonkeypox,4,4.0,0,4,4.0
reddit:author:starswtt,4,4.0,0,4,4.0
reddit:author:Levorotatory,4,4.0,0,4,4.0
reddit:author:cultoftheclave,4,4.0,0,4,4.0
reddit:author:Chicoutimi,4,4.0,1,3,3.0
reddit:author:theotherharper,4,4.0,0,4,4.0
reddit:author:JamesVirani,3,3.0,0,3,3.0
reddit:author:cyb0rg1962,3,3.0,0,3,3.0
reddit:author:ttownfeen,3,3.0,0,3,3.0
reddit:author:couldbemage,3,3.0,0,3,3.0
reddit:author:FANGO,3,3.0,0,3,3.0
reddit:author:Sagrilarus,3,3.0,0,3,3.0
reddit:author:FencyMcFenceFace,3,3.0,0,3,3.0
reddit:author:anarcurt,3,3.0,0,3,3.0
reddit:author:tm3_to_ev6,3,3.0,0,3,3.0
reddit:author:capabus,3,3.0,0,3,3.0
reddit:author:Jackpot777,3,3.0,0,3,3.0
reddit:author:wwwhatisgoingon,3,3.0,0,3,3.0
reddit:author:NoGasNoProblem,3,3.0,0,3,3.0
reddit:author:reidmrdotcom,3,3.0,0,3,3.0
reddit:author:ozziegt,3,3.0,0,3,3.0
reddit:author:ace184184,3,3.0,0,3,3.0
reddit:author:Organic_Mix7180,3,3.0,0,3,3.0
reddit:author:GrandElectronic9471,3,3.0,0,3,3.0
reddit:author:Oh_ffs_seriously,3,3.0,0,3,3.0
reddit:author:Helpful-Winner-8300,3,3.0,0,3,3.0
reddit:author:Yummy_Castoreum,3,3.0,0,3,3.0
reddit:author:V_Doan,3,3.0,0,3,3.0
reddit:author:randynumbergenerator,3,3.0,0,3,3.0
reddit:author:fnblackbeard,3,3.0,0,3,3.0
reddit:author:blr1g,3,3.0,1,2,2.0
reddit:author:takao-obi,3,3.0,0,3,3.0
reddit:author:Limekiller,3,3.0,0,3,3.0
reddit:author:azswcowboy,3,3.0,0,3,3.0
reddit:author:ChillerID,3,3.0,3,0,0.0
reddit:author:Lopsided_Quarter_931,3,3.0,0,3,3.0
reddit:author:DeathChill,3,3.0,0,3,3.0
reddit:author:dissss0,3,3.0,0,3,3.0
reddit:author:ATotalCassegrain,3,3.0,0,3,3.0
reddit:author:lee1026,3,3.0,0,3,3.0
reddit:author:LRS_David,3,3.0,0,3,3.0
reddit:author:dbmamaz,3,3.0,0,3,3.0
reddit:author:s_nz,3,3.0,0,3,3.0
reddit:author:manitou202,3,3.0,0,3,3.0
reddit:author:Strict_Somewhere_148,3,3.0,0,3,3.0
reddit:author:shaggy99,3,3.0,0,3,3.0
reddit:author:leshpar,2,2.0,0,2,2.0
reddit:author:anothertechie,2,2.0,0,2,2.0
reddit:author:ZucchiniAlert2582,2,2.0,0,2,2.0
reddit:author:chfp,2,2.0,0,2,2.0
reddit:author:cajunjoel,2,2.0,0,2,2.0
reddit:author:lump77777,2,2.0,0,2,2.0
reddit:author:charliemike,2,2.0,0,2,2.0
reddit:author:afkas17,2,2.0,0,2,2.0
reddit:author:alaorath,2,2.0,0,2,2.0
reddit:author:Mustangfast85,2,2.0,0,2,2.0
reddit:author:appape,2,2.0,0,2,2.0
reddit:author:jbergens,2,2.0,0,2,2.0
reddit:author:Ok_Purchase1592,2,2.0,0,2,2.0
reddit:author:ThisIsPaulDaily,2,2.0,0,2,2.0
reddit:author:ihavenoidea12345678,2,2.0,0,2,2.0
reddit:author:gonyere,2,2.0,0,2,2.0
reddit:author:eSUP80,2,2.0,0,2,2.0
reddit:author:eblackman,2,2.0,0,2,2.0
reddit:author:dlewis23,2,2.0,0,2,2.0
reddit:author:dirty_cuban,2,2.0,0,2,2.0
reddit:author:electricvehicles-ModTeam,2,2.0,0,2,2.0
reddit:author:TryNotToAnyways2,2,2.0,0,2,2.0
reddit:author:Uniquely-Authentic,2,2.0,0,2,2.0
reddit:author:elkruegs,2,2.0,0,2,2.0
reddit:author:StK84,2,2.0,0,2,2.0
reddit:author:Specialist-Coast9787,2,2.0,0,2,2.0
reddit:author:Space2999,2,2.0,0,2,2.0
reddit:author:darksamus8,2,2.0,0,2,2.0
reddit:author:Scorpy_Mjolnir,2,2.0,0,2,2.0
reddit:author:Reasonable-Put6503,2,2.0,0,2,2.0
reddit:author:Old-View1769,2,2.0,0,2,2.0
reddit:author:cougieuk,2,2.0,0,2,2.0
reddit:author:gotohellwithsuperman,2,2.0,0,2,2.0
reddit:author:Proof_Commercial8470,2,2.0,0,2,2.0
reddit:author:ProfessionalYak4959,2,2.0,0,2,2.0
reddit:author:helloWHATSUP,2,2.0,0,2,2.0
reddit:author:hojnikb,2,2.0,0,2,2.0
reddit:author:Terrh,2,2.0,0,2,2.0
reddit:author:huuaaang,2,2.0,0,2,2.0
reddit:author:iamabigtree,2,2.0,0,2,2.0
reddit:author:WeldAE,2,2.0,1,1,1.0
reddit:author:iamtherussianspy,2,2.0,0,2,2.0
reddit:author:chownrootroot,2,2.0,0,2,2.0
reddit:author:One-Demand6811,2,2.0,2,0,0.0
reddit:author:LostPrimer,2,2.0,0,2,2.0
reddit:author:bobjr94,2,2.0,0,2,2.0
reddit:author:Legitimate-Type4387,2,2.0,0,2,2.0
reddit:author:Interesting_Ninja779,2,2.0,2,0,0.0
reddit:author:owennagata,2,2.0,0,2,2.0
reddit:author:perrochon,2,2.0,0,2,2.0
reddit:author:HighHokie,2,2.0,0,2,2.0
reddit:author:FlamboyantKoala,2,2.0,0,2,2.0
reddit:author:Fit_Driver2017,2,2.0,0,2,2.0
reddit:author:FUMoney,2,2.0,0,2,2.0
reddit:author:serpix,2,2.0,0,2,2.0
reddit:author:DontEatConcrete,2,2.0,0,2,2.0
reddit:author:smelly-pooper,2,2.0,0,2,2.0
reddit:author:stephenBB81,2,2.0,0,2,2.0
reddit:author:stinger_02in,2,2.0,2,0,0.0
reddit:author:Bravadette,2,2.0,1,1,1.0
reddit:author:tightcall,2,2.0,0,2,2.0
reddit:author:tkelly1740,2,2.0,0,2,2.0
reddit:author:BedditTedditReddit,2,2.0,0,2,2.0
reddit:author:toybuilder,2,2.0,1,1,1.0
reddit:author:ApprehensiveSize7662,2,2.0,1,1,1.0
reddit:author:Alternative-Eye-4150,2,2.0,0,2,2.0
reddit:author:AdventuresOfAD,2,2.0,0,2,2.0
reddit:author:IntelligentSinger783,2,2.0,0,2,2.0
reddit:author:EarthConservation,2,2.0,0,2,2.0
reddit:author:mightyopik,2,2.0,2,0,0.0
reddit:author:JumpyWerewolf9439,2,2.0,0,2,2.0
reddit:author:noirknight,1,1.0,0,1,1.0
reddit:author:the-code-father,1,1.0,0,1,1.0
reddit:author:technocraticnihilist,1,1.0,1,0,0.0
reddit:author:teddykon,1,1.0,0,1,1.0
reddit:author:tenmilephoto,1,1.0,0,1,1.0
reddit:author:dirtyoldbastard77,1,1.0,0,1,1.0
reddit:author:terran1212,1,1.0,0,1,1.0
reddit:author:deppaotoko,1,1.0,1,0,0.0
reddit:author:michmill1970,1,1.0,0,1,1.0
reddit:author:dcdttu,1,1.0,0,1,1.0
reddit:author:thebaldfox,1,1.0,0,1,1.0
reddit:author:thecheesecakemans,1,1.0,0,1,1.0
reddit:author:thejumpingsheep2,1,1.0,0,1,1.0
reddit:author:thirdLeg51,1,1.0,0,1,1.0
reddit:author:dm_me_cute_puppers,1,1.0,0,1,1.0
reddit:author:sweetredleaf,1,1.0,0,1,1.0
reddit:author:tinydonuts,1,1.0,0,1,1.0
reddit:author:dogwithasword,1,1.0,1,0,0.0
reddit:author:doug4630,1,1.0,0,1,1.0
reddit:author:droids4evr,1,1.0,0,1,1.0
reddit:author:e3super,1,1.0,0,1,1.0
reddit:author:lumpiang-shanghai01,1,1.0,1,0,0.0
reddit:author:stephenmw,1,1.0,0,1,1.0
reddit:author:start3ch,1,1.0,0,1,1.0
reddit:author:eclipse60,1,1.0,0,1,1.0
reddit:author:ejmcguir,1,1.0,1,0,0.0
reddit:author:sprezzaturans,1,1.0,0,1,1.0
reddit:author:speedy-72,1,1.0,0,1,1.0
reddit:author:lostinheadguy,1,1.0,0,1,1.0
reddit:author:lordkiwi,1,1.0,0,1,1.0
reddit:author:mineral_minion,1,1.0,0,1,1.0
reddit:author:maartrack,1,1.0,0,1,1.0
reddit:author:curiousklaus,1,1.0,0,1,1.0
reddit:author:ensignlee,1,1.0,0,1,1.0
reddit:author:mayyrh,1,1.0,0,1,1.0
reddit:author:bomber991,1,1.0,0,1,1.0
reddit:author:xfrosch,1,1.0,0,1,1.0
reddit:author:bovikSE,1,1.0,0,1,1.0
reddit:author:brucecaboose,1,1.0,0,1,1.0
reddit:author:cahmed,1,1.0,0,1,1.0
reddit:author:xangkory,1,1.0,0,1,1.0
reddit:author:xaanthar,1,1.0,0,1,1.0
reddit:author:woyteck,1,1.0,0,1,1.0
reddit:author:willingzenith,1,1.0,0,1,1.0
reddit:author:wgn_luv,1,1.0,0,1,1.0
reddit:author:markuus99,1,1.0,0,1,1.0
reddit:author:cecirdr,1,1.0,0,1,1.0
reddit:author:chamburn,1,1.0,1,0,0.0
reddit:author:violent_advert,1,1.0,0,1,1.0
reddit:author:various_necks,1,1.0,0,1,1.0
reddit:author:user10515,1,1.0,1,0,0.0
reddit:author:chestertonfence,1,1.0,0,1,1.0
reddit:author:ubercruise,1,1.0,0,1,1.0
reddit:author:mangobash84,1,1.0,1,0,0.0
reddit:author:chilidoggo,1,1.0,1,0,0.0
reddit:author:trucker-123,1,1.0,1,0,0.0
reddit:author:malongoria,1,1.0,0,1,1.0
reddit:author:maxyedor,1,1.0,0,1,1.0
reddit:author:connly33,1,1.0,0,1,1.0
reddit:author:toppig,1,1.0,0,1,1.0
reddit:author:coolangattic,1,1.0,0,1,1.0
reddit:author:topgun2016,1,1.0,1,0,0.0
reddit:author:tomKphoto_,1,1.0,0,1,1.0
reddit:author:madge590,1,1.0,1,0,0.0
reddit:author:emprahsFury,1,1.0,0,1,1.0
reddit:author:ericbythebay,1,1.0,0,1,1.0
reddit:author:npanth,1,1.0,0,1,1.0
reddit:author:rennan,1,1.0,1,0,0.0
reddit:author:her_o-mione,1,1.0,1,0,0.0
reddit:author:hippfive,1,1.0,0,1,1.0
reddit:author:hk_bob,1,1.0,1,0,0.0
reddit:author:redfoobar,1,1.0,0,1,1.0
reddit:author:humblequest22,1,1.0,0,1,1.0
reddit:author:quixotik,1,1.0,0,1,1.0
reddit:author:qd9441q,1,1.0,1,0,0.0
reddit:author:put_tape_on_it,1,1.0,1,0,0.0
reddit:author:psaux_grep,1,1.0,0,1,1.0
reddit:author:powaqqa,1,1.0,0,1,1.0
reddit:author:pohudsaijoadsijdas,1,1.0,0,1,1.0
reddit:author:ifdefmoose,1,1.0,0,1,1.0
reddit:author:pmotiveforce,1,1.0,0,1,1.0
reddit:author:phate_exe,1,1.0,0,1,1.0
reddit:author:ilseng,1,1.0,0,1,1.0
reddit:author:im_thatoneguy,1,1.0,0,1,1.0
reddit:author:laduzi_xiansheng,1,1.0,0,1,1.0
reddit:author:pc772,1,1.0,0,1,1.0
reddit:author:incubeezer,1,1.0,0,1,1.0
reddit:author:l008com,1,1.0,1,0,0.0
reddit:author:justanotherelvis15,1,1.0,1,0,0.0
reddit:author:invertedSkiBum,1,1.0,0,1,1.0
reddit:author:iqisoverrated,1,1.0,0,1,1.0
reddit:author:jordansideas,1,1.0,1,0,0.0
reddit:author:orangeclaypot,1,1.0,1,0,0.0
reddit:author:jinjuwaka,1,1.0,0,1,1.0
reddit:author:onvaca,1,1.0,0,1,1.0
reddit:author:jmk5151,1,1.0,0,1,1.0
reddit:author:joeljaeggli,1,1.0,0,1,1.0
reddit:author:helm,1,1.0,0,1,1.0
reddit:author:retiredslacker01,1,1.0,1,0,0.0
reddit:author:exmothrowaway994,1,1.0,1,0,0.0
reddit:author:netscorer1,1,1.0,0,1,1.0
reddit:author:self-fix,1,1.0,1,0,0.0
reddit:author:scott257,1,1.0,0,1,1.0
reddit:author:familyZW,1,1.0,1,0,0.0
reddit:author:scienceizfake,1,1.0,0,1,1.0
reddit:author:feurie,1,1.0,0,1,1.0
reddit:author:fishforce1,1,1.0,0,1,1.0
reddit:author:sarhoshamiral,1,1.0,0,1,1.0
reddit:author:runnyyolkpigeon,1,1.0,1,0,0.0
reddit:author:fishyfish_12,1,1.0,1,0,0.0
reddit:author:marcoblondino,1,1.0,0,1,1.0
reddit:author:ruffen,1,1.0,0,1,1.0
reddit:author:fonetik,1,1.0,0,1,1.0
reddit:author:rp3rsaud,1,1.0,0,1,1.0
reddit:author:footpole,1,1.0,0,1,1.0
reddit:author:ftumph,1,1.0,0,1,1.0
reddit:author:mop1970,1,1.0,1,0,0.0
reddit:author:rocketsarego,1,1.0,0,1,1.0
reddit:author:fzwo,1,1.0,0,1,1.0
reddit:author:gamblerexpert33,1,1.0,1,0,0.0
reddit:author:godlords,1,1.0,0,1,1.0
reddit:author:gogaman,1,1.0,0,1,1.0
reddit:author:goldblumspowerbook,1,1.0,0,1,1.0
reddit:author:rob94708,1,1.0,0,1,1.0
reddit:author:river_rambler,1,1.0,0,1,1.0
reddit:author:riddick81,1,1.0,0,1,1.0
reddit:author:nerdy_hippie,1,1.0,1,0,0.0
reddit:author:rezwenn,1,1.0,1,0,0.0
reddit:author:greygabe,1,1.0,0,1,1.0
reddit:author:hackenstuffen,1,1.0,0,1,1.0
reddit:author:-ThatGingerKid-,1,1.0,1,0,0.0
reddit:author:TopLeft089030,1,1.0,1,0,0.0
reddit:author:bigmix222,1,1.0,0,1,1.0
reddit:author:Flohpange,1,1.0,0,1,1.0
reddit:author:GregInFl,1,1.0,0,1,1.0
reddit:author:GraniteGeekNH,1,1.0,0,1,1.0
reddit:author:Gold-Kaleidoscope-23,1,1.0,0,1,1.0
reddit:author:Giveaway_Guy,1,1.0,1,0,0.0
reddit:author:GettingBackToRC,1,1.0,0,1,1.0
reddit:author:Germanofthebored,1,1.0,0,1,1.0
reddit:author:General-Aide2517,1,1.0,0,1,1.0
reddit:author:GamemasterJeff,1,1.0,0,1,1.0
reddit:author:GJMOH,1,1.0,0,1,1.0
reddit:author:Forward_Recover_1135,1,1.0,0,1,1.0
reddit:author:Fit_Permission_6187,1,1.0,0,1,1.0
reddit:author:DrJohnFZoidberg,1,1.0,0,1,1.0
reddit:author:Fit-Introduction8575,1,1.0,0,1,1.0
reddit:author:FireOpalCO,1,1.0,0,1,1.0
reddit:author:Financial-Payment764,1,1.0,1,0,0.0
reddit:author:Fathimir,1,1.0,0,1,1.0
reddit:author:Etrigone,1,1.0,0,1,1.0
reddit:author:Electrojet88,1,1.0,1,0,0.0
reddit:author:ElChaz,1,1.0,0,1,1.0
reddit:author:Earlgr3yh0t,1,1.0,0,1,1.0
reddit:author:EaglesPDX,1,1.0,0,1,1.0
reddit:author:DunnoNothingAtAll,1,1.0,0,1,1.0
reddit:author:Hasrdotkotu,1,1.0,0,1,1.0
reddit:author:Heraclius404,1,1.0,0,1,1.0
reddit:author:HistorianEvening5919,1,1.0,0,1,1.0
reddit:author:HotEntry7548,1,1.0,0,1,1.0
reddit:author:Less_Suit5502,1,1.0,0,1,1.0
reddit:author:LeadingScene5702,1,1.0,0,1,1.0
reddit:author:Lazy-Citron2584,1,1.0,0,1,1.0
reddit:author:Latter_Fortune_7225,1,1.0,1,0,0.0
reddit:author:LanternCandle,1,1.0,0,1,1.0
reddit:author:LV_Devotee,1,1.0,0,1,1.0
reddit:author:LEM1978,1,1.0,0,1,1.0
reddit:author:Kjelstad,1,1.0,0,1,1.0
reddit:author:KingZarkon,1,1.0,0,1,1.0
reddit:author:Khao8,1,1.0,0,1,1.0
reddit:author:Kange109,1,1.0,0,1,1.0
reddit:author:Kandinsky301,1,1.0,0,1,1.0
reddit:author:Jottor,1,1.0,0,1,1.0
reddit:author:Jogurt55991,1,1.0,0,1,1.0
reddit:author:Jman841,1,1.0,0,1,1.0
reddit:author:JFreader,1,1.0,0,1,1.0
reddit:author:Inside_Classroom_142,1,1.0,0,1,1.0
reddit:author:IllExtreme2665,1,1.0,0,1,1.0
reddit:author:IlIlllIlllIlIIllI,1,1.0,0,1,1.0
reddit:author:Iam_Nobuddy,1,1.0,1,0,0.0
reddit:author:HourAd5987,1,1.0,0,1,1.0
reddit:author:Duffffmannnn,1,1.0,0,1,1.0
reddit:author:Doublestack00,1,1.0,0,1,1.0
reddit:author:Livinincrazytown,1,1.0,0,1,1.0
reddit:author:Angello__34,1,1.0,0,1,1.0
reddit:author:Berliner1220,1,1.0,0,1,1.0
reddit:author:Beginning_Key2167,1,1.0,0,1,1.0
reddit:author:BeerorCoffee,1,1.0,0,1,1.0
reddit:author:Bambussen,1,1.0,0,1,1.0
reddit:author:BadWithMoney530,1,1.0,1,0,0.0
reddit:author:AutoModerator,1,1.0,1,0,0.0
reddit:author:Astronomy_Setec,1,1.0,0,1,1.0
reddit:author:AromaticJoe,1,1.0,0,1,1.0
reddit:author:Any-Instance2592,1,1.0,0,1,1.0
reddit:author:Anxious_Objective442,1,1.0,0,1,1.0
reddit:author:Akira282,1,1.0,0,1,1.0
reddit:author:DoubleOwl7777,1,1.0,0,1,1.0
reddit:author:Aggravating_Mode_363,1,1.0,1,0,0.0
reddit:author:Aggravating_Fact9547,1,1.0,0,1,1.0
reddit:author:Afooooof,1,1.0,0,1,1.0
reddit:author:Adorable_Wolf_8387,1,1.0,0,1,1.0
reddit:author:Adorable_Tadpole_726,1,1.0,0,1,1.0
reddit:author:AcousticRegards,1,1.0,0,1,1.0
reddit:author:Acceptable_Elk_8181,1,1.0,0,1,1.0
reddit:author:Acceptable-Rope6000,1,1.0,0,1,1.0
reddit:author:Aayan_Stryke,1,1.0,1,0,0.0
reddit:author:12inchsandwich,1,1.0,0,1,1.0
reddit:author:Berova,1,1.0,0,1,1.0
reddit:author:Bhd1223,1,1.0,0,1,1.0
reddit:author:BigRobCommunistDog,1,1.0,0,1,1.0
reddit:author:BlueSwordM,1,1.0,0,1,1.0
reddit:author:DjMira1,1,1.0,0,1,1.0
reddit:author:Disastrous-Force,1,1.0,0,1,1.0
reddit:author:DiputsDoof,1,1.0,0,1,1.0
reddit:author:DingbattheGreat,1,1.0,0,1,1.0
reddit:author:Darth_Bane-0078,1,1.0,0,1,1.0
reddit:author:DamnUOnions,1,1.0,0,1,1.0
reddit:author:CurtisRobert1948,1,1.0,0,1,1.0
reddit:author:Cultural-Ad4953,1,1.0,0,1,1.0
reddit:author:Counting-Tiles4567,1,1.0,0,1,1.0
reddit:author:Consistent-Day-434,1,1.0,0,1,1.0
reddit:author:Commercial_Plantain4,1,1.0,1,0,0.0
reddit:author:ComeBackSquid,1,1.0,0,1,1.0
reddit:author:CliftonForce,1,1.0,0,1,1.0
reddit:author:Chemical-Idea-1294,1,1.0,0,1,1.0
reddit:author:Car-face,1,1.0,0,1,1.0
reddit:author:Capable_Tax_8220,1,1.0,1,0,0.0
reddit:author:Cambren1,1,1.0,0,1,1.0
reddit:author:CMG30,1,1.0,0,1,1.0
reddit:author:Bryanmsi89,1,1.0,0,1,1.0
reddit:author:Brandon3541,1,1.0,0,1,1.0
reddit:author:Bogojosh,1,1.0,0,1,1.0
reddit:author:LionTigerWings,1,1.0,0,1,1.0
reddit:author:Lopoetve,1,1.0,0,1,1.0
reddit:author:bfire123,1,1.0,1,0,0.0
reddit:author:Tarakore,1,1.0,1,0,0.0
reddit:author:Traditional_Power830,1,1.0,1,0,0.0
reddit:author:Traditional-Set-8483,1,1.0,1,0,0.0
reddit:author:10Bens,1,1.0,0,1,1.0
reddit:author:This_Is_The_End,1,1.0,1,0,0.0
reddit:author:This_Independence_13,1,1.0,0,1,1.0
reddit:author:TheWizard,1,1.0,0,1,1.0
reddit:author:TheSylvaniamToyShop,1,1.0,0,1,1.0
reddit:author:TheRuneMeister,1,1.0,0,1,1.0
reddit:author:TheOptimisticHater,1,1.0,0,1,1.0
reddit:author:Techwood111,1,1.0,0,1,1.0
reddit:author:Tall_Attempt5263,1,1.0,1,0,0.0
reddit:author:Spirited-Manner9674,1,1.0,0,1,1.0
reddit:author:SurinamPam,1,1.0,0,1,1.0
reddit:author:Sudden_Ad6888,1,1.0,1,0,0.0
reddit:author:Such-Regret4652,1,1.0,0,1,1.0
reddit:author:Substantial-Ad-8575,1,1.0,0,1,1.0
reddit:author:Straight_Ad2258,1,1.0,1,0,0.0
reddit:author:Sticking_to_Decaf,1,1.0,1,0,0.0
reddit:author:Sti1g,1,1.0,0,1,1.0
reddit:author:StatusMaleficent5832,1,1.0,0,1,1.0
reddit:author:Spong83831,1,1.0,1,0,0.0
reddit:author:Spiritual-Mechanic-4,1,1.0,0,1,1.0
reddit:author:Treewithatea,1,1.0,0,1,1.0
reddit:author:TripleShotPls,1,1.0,1,0,0.0
reddit:author:Tyr1326,1,1.0,0,1,1.0
reddit:author:United_Concept1654,1,1.0,0,1,1.0
reddit:author:bane_undone,1,1.0,0,1,1.0
reddit:author:azntorian,1,1.0,0,1,1.0
reddit:author:auronedge,1,1.0,0,1,1.0
reddit:author:astrofuzzics,1,1.0,1,0,0.0
reddit:author:andibangr,1,1.0,0,1,1.0
reddit:author:alphatauri555,1,1.0,0,1,1.0
reddit:author:alaninsitges,1,1.0,0,1,1.0
reddit:author:aholetookmyusername,1,1.0,0,1,1.0
reddit:author:adsarelies,1,1.0,0,1,1.0
reddit:author:ac9116,1,1.0,0,1,1.0
reddit:author:Zuperliga,1,1.0,1,0,0.0
reddit:author:ZombieInDC,1,1.0,0,1,1.0
reddit:author:Worldly-Campaign-330,1,1.0,0,1,1.0
reddit:author:WesBur13,1,1.0,0,1,1.0
reddit:author:WKai1996,1,1.0,1,0,0.0
reddit:author:Visionary785,1,1.0,1,0,0.0
reddit:author:Virtual-Hotel8156,1,1.0,0,1,1.0
reddit:author:ViktorKitov,1,1.0,0,1,1.0
reddit:author:Various-Formal-3043,1,1.0,1,0,0.0
reddit:author:Vanterax,1,1.0,0,1,1.0
reddit:author:V8-Turbo-Hybrid,1,1.0,0,1,1.0
reddit:author:Spiritual-Manner5608,1,1.0,1,0,0.0
reddit:author:SoulTaker669,1,1.0,0,1,1.0
reddit:author:Lorax91,1,1.0,0,1,1.0
reddit:author:MrHighVoltage,1,1.0,0,1,1.0
reddit:author:Ok-Pea3414,1,1.0,1,0,0.0
reddit:author:Ok-Limit-9726,1,1.0,1,0,0.0
reddit:author:Odd-String29,1,1.0,0,1,1.0
reddit:author:Obvious-Slip4728,1,1.0,0,1,1.0
reddit:author:NorthStarZero,1,1.0,0,1,1.0
reddit:author:Normal_Strength2655,1,1.0,1,0,0.0
reddit:author:NoFuckinShitRetard,1,1.0,1,0,0.0
reddit:author:Nice-Sandwich-9338,1,1.0,0,1,1.0
reddit:author:Naive-Abrocoma-8455,1,1.0,1,0,0.0
reddit:author:NJdestroyed,1,1.0,0,1,1.0
reddit:author:Movie-Kino,1,1.0,1,0,0.0
reddit:author:SnakeJG,1,1.0,0,1,1.0
reddit:author:Mothringer,1,1.0,0,1,1.0
reddit:author:MostlyDeferential,1,1.0,0,1,1.0
reddit:author:Moist_Network_8222,1,1.0,0,1,1.0
reddit:author:Mendevolent,1,1.0,0,1,1.0
reddit:author:Mediocre-Message4260,1,1.0,1,0,0.0
reddit:author:MattSmithRadioGuy,1,1.0,0,1,1.0
reddit:author:Material_Tea_6173,1,1.0,0,1,1.0
reddit:author:Lunar-lantana,1,1.0,0,1,1.0
reddit:author:Lower-Landscape2056,1,1.0,0,1,1.0
reddit:author:Lost_Froyo7066,1,1.0,0,1,1.0
reddit:author:Okiekid1870,1,1.0,0,1,1.0
reddit:author:OldHob,1,1.0,0,1,1.0
reddit:author:One-Ride-1194,1,1.0,0,1,1.0
reddit:author:PAJW,1,1.0,0,1,1.0
reddit:author:SirLoondry,1,1.0,0,1,1.0
reddit:author:Secure-Evening8197,1,1.0,0,1,1.0
reddit:author:ScuffedBalata,1,1.0,0,1,1.0
reddit:author:S4vingRyan-sPr1v8,1,1.0,0,1,1.0
reddit:author:Ryoga476ad,1,1.0,0,1,1.0
reddit:author:RiverBard,1,1.0,0,1,1.0
reddit:author:RespectSquare8279,1,1.0,0,1,1.0
reddit:author:Relative-Good-6886,1,1.0,1,0,0.0
reddit:author:Reginald_Venture,1,1.0,0,1,1.0
reddit:author:Reaper_MIDI,1,1.0,0,1,1.0
reddit:author:Quint87,1,1.0,1,0,0.0
reddit:author:Quinniper,1,1.0,0,1,1.0
reddit:author:Quick_Possibility_99,1,1.0,0,1,1.0
reddit:author:PragmaticProkopton,1,1.0,1,0,0.0
reddit:author:Practical-Plate-1873,1,1.0,1,0,0.0
reddit:author:PoorNursingStudent,1,1.0,0,1,1.0
reddit:author:Polymox,1,1.0,0,1,1.0
reddit:author:Plenty_Ad_161,1,1.0,0,1,1.0
reddit:author:PlentyCryptographer5,1,1.0,1,0,0.0
reddit:author:PersnickityPenguin,1,1.0,0,1,1.0
reddit:author:Peds12,1,1.0,0,1,1.0
reddit:author:xmodemlol,1,1.0,0,1,1.0
